,count,mean,std,min,25%,50%,75%,max
volt,876100.0,170.77773639409241,15.509114206502083,97.333603782359,160.304927389489,170.6073378572595,181.0044934376615,255.124717259791
rotate,876100.0,446.60511889626366,52.673886035632655,138.432075304341,412.3057137615095,447.55814952108653,482.1765999103162,695.020984403396
pressure,876100.0,100.85866799107886,11.048679392647113,51.2371057734253,93.49818094101701,100.42555868288349,107.55523137595675,185.951997730866
vibration,876100.0,40.38500676114474,5.370360561718393,14.877053998383,36.77729862641155,40.237246897880354,43.78493828768238,76.7910723016723
